name,price,rating
[Sponsored]Pristine - 100% Pure Apple Juice (Tart Flavor) - Pack of 12 200ml Bottles,"  1,320",missing
[Sponsored]Bhumija Lifesciences Wheat Grass Juice with Aloevera & Amla - 1 Liters,  495,3.4
"Real Fruit Power Mixed Fruit, 200ml",  20,4
"Paper Boat Aamras Juice,  250ml (Pack of 6)",  162,4.2
"Real Fruit Power Mango, 200ml",  19,4.2
"Real Utility Pack, Guava and Pomegranate, 1L (Pack of 2)",  220,3.1
"Real Fruit Power Litchi, 200ml",  20,4.3
"B Natural Nectar Mango Magic, 200ml",  20,5
"B Natural Nectar Guava Gush, 200ml",  20,5
"Real Fruit Power Apple, 200ml",  19,3.7
"Real Fruit Power Mosambi, 200ml",  19,3.7
"Paper Boat Jaljeera Juice, 250ml (Pack of 6)",  153,4.1
"B Natural Juice, Litchi Luscious, 200 ml",  20,3.8
Baidyanath Aloe Vera Juice - 1 L,  189,3.7
"Paper Boat Jamun Kala Khatta Juice, 250ml (Pack of 6)",  162,4
Real Fruit Power Orange 200ml,  20,4.4
"Real Fruit Power Grape, 200ml",  20,4
"Paper Boat Coconut Water, 200ml (Pack of 6)",  216,3.3
"[Sponsored]Rani Float Mango Fruit Drink With Real Fruit Pieces In Can, 180ml - Pack of 6",  249,missing
[Sponsored]Baidyanath Karela Jamun Juice - 1 L,  239.40,3.9
name,price,rating
[Sponsored]Baidyanath Karela Jamun Juice - 1 L,  239.40,3.9
"[Sponsored]Rani Float Mango Fruit Drink With Real Fruit Pieces In Can, 180ml - Pack of 6",  249,missing
"Real Fruit Power Mixed Fruit, 200ml",  20,4
"Paper Boat Aamras Juice,  250ml (Pack of 6)",  162,4.2
"Real Fruit Power Mango, 200ml",  19,4.2
"Real Utility Pack, Guava and Pomegranate, 1L (Pack of 2)",  220,3.1
"Real Fruit Power Litchi, 200ml",  20,4.3
"B Natural Nectar Mango Magic, 200ml",  20,5
"B Natural Nectar Guava Gush, 200ml",  20,5
"Real Fruit Power Apple, 200ml",  19,3.7
"Real Fruit Power Mosambi, 200ml",  19,3.7
"Paper Boat Jaljeera Juice, 250ml (Pack of 6)",  153,4.1
"B Natural Juice, Litchi Luscious, 200 ml",  20,3.8
Baidyanath Aloe Vera Juice - 1 L,  189,3.7
"Paper Boat Jamun Kala Khatta Juice, 250ml (Pack of 6)",  162,4
Real Fruit Power Orange 200ml,  20,4.4
"Real Fruit Power Grape, 200ml",  20,4
"Paper Boat Coconut Water, 200ml (Pack of 6)",  216,3.3
[Sponsored]Bhumija Lifesciences Wheat Grass Juice with Aloevera & Amla - 1 Liters,  495,3.4
[Sponsored]Pristine - 100% Pure Apple Juice (Tart Flavor) - Pack of 12 200ml Bottles,"  1,320",missing
name,price,rating
[Sponsored]Pristine - 100% Pure Apple Juice (Tart Flavor) - Pack of 12 200ml Bottles,"  1,320",missing
[Sponsored]Bhumija Lifesciences Wheat Grass Juice with Aloevera & Amla - 1 Liters,  495,3.4
"Real Fruit Power Mixed Fruit, 200ml",  20,4
"Paper Boat Aamras Juice,  250ml (Pack of 6)",  162,4.2
"Real Fruit Power Mango, 200ml",  19,4.2
"Real Utility Pack, Guava and Pomegranate, 1L (Pack of 2)",  220,3.1
"Real Fruit Power Litchi, 200ml",  20,4.3
"B Natural Nectar Mango Magic, 200ml",  20,5
"B Natural Nectar Guava Gush, 200ml",  20,5
"Real Fruit Power Apple, 200ml",  19,3.7
"Real Fruit Power Mosambi, 200ml",  19,3.7
"Paper Boat Jaljeera Juice, 250ml (Pack of 6)",  153,4.1
"B Natural Juice, Litchi Luscious, 200 ml",  20,3.8
Baidyanath Aloe Vera Juice - 1 L,  189,3.7
"Paper Boat Jamun Kala Khatta Juice, 250ml (Pack of 6)",  162,4
Real Fruit Power Orange 200ml,  20,4.4
"Real Fruit Power Grape, 200ml",  20,4
"Paper Boat Coconut Water, 200ml (Pack of 6)",  216,3.3
"[Sponsored]Rani Float Mango Fruit Drink With Real Fruit Pieces In Can, 180ml - Pack of 6",  249,missing
[Sponsored]Baidyanath Karela Jamun Juice - 1 L,  239.40,3.9
name,price,rating
[Sponsored]Pristine - 100% Pure Apple Juice (Tart Flavor) - Pack of 9 500ml Bottles,"  1,620",5
"[Sponsored]Rani Float Pineapple Fruit Drink With Real Fruit Pieces Can, 180ml - Pack of 24",  799,missing
Baidyanath Amla Juice - 1 L,  171,4.8
Baidyanath Karela Jamun Juice - 1 L,  239.40,3.9
"Tang Orange Instant Drink Mix, 500g Pouch",  125,4.2
Kapiva Tulsi Giloy Juice - 1 L,  230,4.3
Baidyanath Amla Juice - 1 L,  171,3.1
"Tasty Treat Fruit Juice, Mix Fruit, 2L",  130,1
Kapiva Aloe Vera Juice - 1 L,  200,4.2
"B Natural Nectar Mixed Fruit Merry, 200ml",  20,2.8
"Ski Stainless Steel Soup Juice Strainer, Liquid Filter (12 Cm) (Silver)",  198,4.2
"Paper Boat Chikki, 800g Pet Jar",  201.40,4
Real Fruit Power Pineapple 200ml,  19,1
Morphy Richards Maximo 450-Watt Juice Extractor (Ivory),"  2,489",3
"Nourishvitals Karela Jamun Juice, 500Ml X 2 Bottles - No Added Sugar",  569.05,4
"Rani Float Mango Fruit Drink With Real Fruit Pieces In Can, 180ml - Pack of 6",  249,missing
[Sponsored]Alysnth Herbals Aloe Vera Juice 1000ml,  350,3.9
"[Sponsored]RANI FLOAT PINEAPPLE, 240ml PACK OF SIX",  260,missing
name,price,rating
"[Sponsored]RANI FLOAT ORANGE, 240ML PACK OF SIX",  260,missing
"[Sponsored]Rani Float Peach Juice, 180 ml, Pack of 12",  549,missing
"B Natural Nectar Orange Oomph, 200ml",  20,3.7
Kapiva Amla Juice - 1 L -  Boosts Digestion And Immunity,  180,3.9
Kapiva Wheat Grass Juice - 1 L,  315,3.9
"B Natural Pomegranate, 200ml",  25,2.6
"Valentino Sparkling Apple Juice, 750ml",  233,4.1
NONI JUICE,  200,missing
H2 Numex 800ml Sport Fruit Infusing Infuser Water Lemon Cup Juice Health Detoxe Bottle,  339,2.6
The Big Book of Juices: More than 400 Natural Blends for Health and Vitality Every Day,"  1,325",prim
"Bingo Mad Angles, Achaari Masti, 45g",  10,3.9
"Smartcraft Umbrella Drink Markers (Pack of 6) , Umbrella Shaped Easy to Clip Silicone Food Grade Drink Markers Identifiers for Cocktail Wine Juice Beverages Beer Alcohol Party Glass Decorations (Pack of 6 with Different Colors)",  199,5
"Pasabahce Carre Juice Glass, 205 ml, Set of 6",  695,2.7
Juice Fasting and Detoxification: Use the Healing Power of Fresh Juice to Feel Young and Look Great: Using the Healing Power of Fresh Juice to Feel Young and Look Good,  440.59,missing
"Pilot Knock Gel Ink Extra Fine Ballpoint Pen, Juice Up 04, 10 Color Assorted (LJP200S4-10C)","  2,699",missing
"Paperboat Crushed Peanut Chikki Jar, 800g",  213.75,3.8
[Sponsored]Lily of The Desert USA Organic Aloe Vera Juice (16 Oz),  800,3.9
"[Sponsored]Rani Float Juice, Strawberry Banana, 180 ml (PACK OF SIX)",  299,missing
